,iid_0,gender_0,pid_0,stdzed_scored_decision_0,iid_1,gender_1,pid_1,stdzed_scored_decision_1
0,194,0,214.0,0.7007833931924241,214,1,194.0,-1.7693226975985747
1,194,0,215.0,1.605020029569745,215,1,194.0,-1.758305936858542
2,194,0,216.0,-1.5598081977508784,216,1,194.0,-2.3409940388760013
3,194,0,217.0,-0.2034532431848969,217,1,194.0,-0.4206835683498735
4,194,0,218.0,-0.2034532431848969,218,1,194.0,-1.133980424085859
5,194,0,219.0,-0.2034532431848969,219,1,194.0,-1.3522528237414144
6,194,0,220.0,0.24866507500376359,220,1,194.0,-2.705386634175051
7,194,0,221.0,1.605020029569745,221,1,194.0,-0.21855288405438994
8,194,0,222.0,-1.5598081977508784,222,1,194.0,-1.1413317278395918
9,194,0,223.0,-0.6555715613735574,223,1,194.0,-0.06909319320116587
10,194,0,224.0,0.7007833931924241,224,1,194.0,0.461566331377051
11,194,0,225.0,0.24866507500376359,225,1,194.0,-1.3123208923514862
12,194,0,226.0,0.7007833931924241,226,1,194.0,-1.5191686824931925
13,194,0,227.0,0.7007833931924241,227,1,194.0,-0.5592908331808937
14,194,0,228.0,-0.6555715613735574,228,1,194.0,-0.6547039031017367
15,194,0,229.0,0.7007833931924241,229,1,194.0,0.17606323762159407
16,194,0,230.0,-1.5598081977508784,230,1,194.0,-2.0997557855556344
17,194,0,231.0,0.7007833931924241,231,1,194.0,-1.284293365559013
18,194,0,232.0,-1.5598081977508784,232,1,194.0,-1.0112035346330512
19,194,0,233.0,0.24866507500376359,233,1,194.0,-1.0419761445034554
20,195,0,214.0,1.596871942267131,214,1,195.0,-0.4941351677978003
21,195,0,215.0,1.9099840878097056,215,1,195.0,1.4611274686570985
22,195,0,216.0,-0.9080252220734668,216,1,195.0,0.02364640443309126
23,195,0,217.0,-0.5949130765308921,217,1,195.0,0.588956995689823
24,195,0,218.0,-0.2818009309883174,218,1,195.0,1.133980424085859
25,195,0,219.0,0.9706476511819815,219,1,195.0,0.7281361358607615
26,195,0,220.0,0.9706476511819815,220,1,195.0,0.3573152158344407
27,195,0,221.0,-0.2818009309883174,221,1,195.0,0.3642548067573166
28,195,0,222.0,-1.5342495131586162,222,1,195.0,-1.1413317278395918
29,195,0,223.0,0.34442336009683205,223,1,195.0,-0.7600251252128271
30,195,0,224.0,0.34442336009683205,224,1,195.0,0.461566331377051
31,195,0,225.0,0.6575355056394068,225,1,195.0,0.09877684135978917
32,195,0,226.0,0.03131121455425736,226,1,195.0,-0.2398687393410304
33,195,0,227.0,-0.2818009309883174,227,1,195.0,0.49597488980192445
34,195,0,228.0,-0.9080252220734668,228,1,195.0,0.46764564507266904
35,195,0,229.0,0.03131121455425736,229,1,195.0,1.696609380717178
36,195,0,230.0,-1.5342495131586162,230,1,195.0,0.4524335670534238
37,195,0,231.0,0.9706476511819815,231,1,195.0,1.4677638463531582
38,195,0,232.0,-1.5342495131586162,232,1,195.0,0.4758604868861416
39,195,0,233.0,0.03131121455425736,233,1,195.0,-1.0419761445034554
40,196,0,214.0,1.238009154516503,214,1,196.0,-0.812932050247994
41,196,0,215.0,1.238009154516503,215,1,196.0,-1.2630084898561358
42,196,0,216.0,1.463101728064958,216,1,196.0,-1.3951378615523642
43,196,0,217.0,2.1383794487103236,217,1,196.0,0.2524101410099241
44,196,0,218.0,-0.7878240074195929,218,1,196.0,-1.781969237849207
45,196,0,219.0,1.6881943016134133,219,1,196.0,0.7281361358607615
46,196,0,220.0,-0.7878240074195929,220,1,196.0,0.3573152158344407
47,196,0,221.0,-0.33763886032268264,221,1,196.0,-0.8013605748660965
48,196,0,222.0,-0.7878240074195929,222,1,196.0,0.07285096135146349
49,196,0,223.0,-0.33763886032268264,223,1,196.0,-2.48735495524198
50,196,0,224.0,-1.238009154516503,224,1,196.0,-0.8571946154145229
51,196,0,225.0,-0.7878240074195929,225,1,196.0,-0.747881798866976
52,196,0,226.0,-0.33763886032268264,226,1,196.0,-0.2398687393410304
53,196,0,227.0,-0.33763886032268264,227,1,196.0,-0.9813971223740209
54,196,0,228.0,-1.238009154516503,228,1,196.0,0.46764564507266904
55,196,0,229.0,-0.33763886032268264,229,1,196.0,-1.040373676854873
56,196,0,230.0,-0.33763886032268264,230,1,196.0,0.9164679948005252
57,196,0,231.0,0.11254628677422755,231,1,196.0,-0.6727250962451972
58,196,0,232.0,-0.33763886032268264,232,1,196.0,-1.6060291432407283
59,196,0,233.0,0.11254628677422755,233,1,196.0,-1.0419761445034554
60,197,0,214.0,-0.579408565447807,214,1,197.0,0.4622554795527805
61,197,0,215.0,-0.579408565447807,215,1,197.0,0.9658300216546923
62,197,0,216.0,-0.579408565447807,216,1,197.0,-1.3951378615523642
63,197,0,217.0,1.1464892890775757,217,1,197.0,0.588956995689823
64,197,0,218.0,-0.579408565447807,218,1,197.0,-1.781969237849207
65,197,0,219.0,-0.579408565447807,219,1,197.0,-0.1040194479801088
66,197,0,220.0,-0.579408565447807,220,1,197.0,0.3573152158344407
67,197,0,221.0,-0.579408565447807,221,1,197.0,0.3642548067573166
68,197,0,222.0,-0.579408565447807,222,1,197.0,1.0441971127043077
69,197,0,223.0,-0.08629489272626904,223,1,197.0,-0.7600251252128271
70,197,0,224.0,-0.08629489272626904,224,1,197.0,1.4506370414707315
71,197,0,225.0,-0.579408565447807,225,1,197.0,0.6632159348442993
72,197,0,226.0,0.40681877999526883,226,1,197.0,1.3592561895991722
73,197,0,227.0,-0.08629489272626904,227,1,197.0,0.9180811789950517
74,197,0,228.0,-0.08629489272626904,228,1,197.0,-0.6547039031017367
75,197,0,229.0,-0.579408565447807,229,1,197.0,-1.040373676854873
76,197,0,230.0,-0.579408565447807,230,1,197.0,-0.011600860693677701
77,197,0,231.0,2.625830307242189,231,1,197.0,1.4677638463531582
78,197,0,232.0,2.625830307242189,232,1,197.0,1.6655117041014957
79,197,0,233.0,-0.08629489272626904,233,1,197.0,-1.0419761445034554
80,198,0,214.0,-0.2955610289586241,214,1,198.0,-2.406916462498962
81,198,0,215.0,1.182244115834495,215,1,198.0,-1.2630084898561358
82,198,0,216.0,0.44334154343793547,216,1,198.0,0.02364640443309126
83,198,0,217.0,-0.2955610289586241,217,1,198.0,-1.7668709870694688
84,198,0,218.0,-0.2955610289586241,218,1,198.0,-1.133980424085859
85,198,0,219.0,-0.2955610289586241,219,1,198.0,-2.1844084075822847
86,198,0,220.0,-1.7733661737517432,220,1,198.0,-0.6635854008353899
87,198,0,221.0,-1.0344636013551836,221,1,198.0,-2.2583798018953627
88,198,0,222.0,-1.7733661737517432,222,1,198.0,-1.1413317278395918
89,198,0,223.0,-0.2955610289586241,223,1,198.0,-1.7964230232303187
90,198,0,224.0,-0.2955610289586241,224,1,198.0,-0.8571946154145229
91,198,0,225.0,0.44334154343793547,225,1,198.0,-1.3123208923514862
92,198,0,226.0,1.182244115834495,226,1,198.0,-1.5191686824931925
93,198,0,227.0,1.182244115834495,227,1,198.0,-1.403503411567148
94,198,0,228.0,1.182244115834495,228,1,198.0,-0.2805873870436014
95,198,0,229.0,1.182244115834495,229,1,198.0,-1.040373676854873
96,198,0,230.0,0.44334154343793547,230,1,198.0,0.4524335670534238
97,198,0,231.0,0.44334154343793547,231,1,198.0,-1.895861634872829
98,198,0,232.0,-1.7733661737517432,232,1,198.0,-2.2008547518484054
99,198,0,233.0,0.44334154343793547,233,1,198.0,-0.5209880722517277
100,199,0,214.0,0.38518487619448105,214,1,199.0,-0.1753382853476067
101,199,0,215.0,0.9777769934167597,215,1,199.0,-0.024764872350120225
102,199,0,216.0,-1.1950607697315956,216,1,199.0,0.02364640443309126
103,199,0,217.0,0.18765417045372146,217,1,199.0,1.2620507050496206
104,199,0,218.0,0.18765417045372146,218,1,199.0,0.161997203440837
105,199,0,219.0,1.372838404898279,219,1,199.0,-0.1040194479801088
106,199,0,220.0,0.7802462876760001,220,1,199.0,-2.705386634175051
107,199,0,221.0,0.9777769934167597,221,1,199.0,0.947062497569023
108,199,0,222.0,-1.1950607697315956,222,1,199.0,1.0441971127043077
109,199,0,223.0,1.1753076991575193,223,1,199.0,0.6218387388104952
110,199,0,224.0,-0.00987653528703812,224,1,199.0,-0.5275043787166295
111,199,0,225.0,0.9777769934167597,225,1,199.0,-0.747881798866976
112,199,0,226.0,0.9777769934167597,226,1,199.0,0.7196062180230911
113,199,0,227.0,0.38518487619448105,227,1,199.0,1.7622937573813062
114,199,0,228.0,-0.00987653528703812,228,1,199.0,-1.4029369352180072
115,199,0,229.0,-1.1950607697315956,229,1,199.0,-0.4321552196166395
116,199,0,230.0,-1.5901221812131148,230,1,199.0,0.4524335670534238
117,199,0,231.0,-1.1950607697315956,231,1,199.0,0.8561955770393425
118,199,0,232.0,-1.5901221812131148,232,1,199.0,-0.11896512172153553
119,199,0,233.0,-0.40493794676855727,233,1,199.0,0.0
120,200,0,214.0,0.8603090020146066,214,1,200.0,0.4622554795527805
121,200,0,215.0,0.8603090020146066,215,1,200.0,0.9658300216546923
122,200,0,216.0,-1.7550303641097973,216,1,200.0,0.02364640443309126
123,200,0,217.0,1.5141438435457075,217,1,200.0,0.588956995689823
124,200,0,218.0,-0.4473606810475953,218,1,200.0,1.133980424085859
125,200,0,219.0,0.8603090020146066,219,1,200.0,0.7281361358607615
126,200,0,220.0,0.8603090020146066,220,1,200.0,0.3573152158344407
127,200,0,221.0,-0.4473606810475953,221,1,200.0,0.947062497569023
128,200,0,222.0,-0.4473606810475953,222,1,200.0,0.5585240370278857
129,200,0,223.0,0.8603090020146066,223,1,200.0,0.6218387388104952
130,200,0,224.0,1.5141438435457075,224,1,200.0,0.1318760946791575
131,200,0,225.0,0.8603090020146066,225,1,200.0,1.2276550283288095
132,200,0,226.0,-0.4473606810475953,226,1,200.0,0.39978123223505063
133,200,0,227.0,-0.4473606810475953,227,1,200.0,1.340187468188179
134,200,0,228.0,-0.4473606810475953,228,1,200.0,-2.1511699673342775
135,200,0,229.0,-1.1011955225786962,229,1,200.0,
136,200,0,230.0,-1.7550303641097973,230,1,200.0,-0.70765250231433
137,200,0,231.0,-0.4473606810475953,231,1,200.0,1.4677638463531582
138,200,0,232.0,-0.4473606810475953,232,1,200.0,1.6655117041014957
139,200,0,233.0,,233,1,200.0,0.0
140,201,0,214.0,0.7075112192077387,214,1,201.0,-0.1753382853476067
141,201,0,215.0,0.7075112192077387,215,1,201.0,0.22288385115108292
142,201,0,216.0,0.17354048773020014,216,1,201.0,0.9695025817567282
143,201,0,217.0,0.44052585346896944,217,1,201.0,-0.4206835683498735
144,201,0,218.0,-2.4963131696574927,218,1,201.0,0.161997203440837
145,201,0,219.0,-0.894400975224877,219,1,201.0,0.3120583439403264
146,201,0,220.0,-0.894400975224877,220,1,201.0,0.765675462502373
147,201,0,221.0,0.17354048773020014,221,1,201.0,0.3642548067573166
148,201,0,222.0,-1.9623424381799541,222,1,201.0,-1.627004803516014
149,201,0,223.0,0.7075112192077387,223,1,201.0,-0.06909319320116587
150,201,0,224.0,-0.36043024374733845,224,1,201.0,0.461566331377051
151,201,0,225.0,0.17354048773020014,225,1,201.0,-0.747881798866976
152,201,0,226.0,1.5084673164240465,226,1,201.0,-0.2398687393410304
153,201,0,227.0,0.17354048773020014,227,1,201.0,-0.13718454398776642
154,201,0,228.0,-0.36043024374733845,228,1,201.0,0.09352912901453381
155,201,0,229.0,0.7075112192077387,229,1,201.0,0.17606323762159407
156,201,0,230.0,1.5084673164240465,230,1,201.0,0.4524335670534238
157,201,0,231.0,0.17354048773020014,231,1,201.0,-0.6727250962451972
158,201,0,232.0,-0.36043024374733845,232,1,201.0,-0.4163779260253741
159,201,0,233.0,0.17354048773020014,233,1,201.0,0.0
160,202,0,214.0,1.0865149358763333,214,1,202.0,1.0998492444531678
161,202,0,215.0,1.0865149358763333,215,1,202.0,-0.7677110428537296
162,202,0,216.0,-0.5850465039334105,216,1,202.0,0.9695025817567282
163,202,0,217.0,1.5044052958287695,217,1,202.0,-0.0841367136699747
164,202,0,218.0,-0.5850465039334105,218,1,202.0,0.485991610322511
165,202,0,219.0,0.25073421597146145,219,1,202.0,-0.520097239900544
166,202,0,220.0,-1.4208272238382824,220,1,202.0,-0.05104503083349153
167,202,0,221.0,-0.5850465039334105,221,1,202.0,0.947062497569023
168,202,0,222.0,-1.4208272238382824,222,1,202.0,0.07285096135146349
169,202,0,223.0,0.25073421597146145,223,1,202.0,-0.7600251252128271
170,202,0,224.0,-0.5850465039334105,224,1,202.0,0.7912565680749445
171,202,0,225.0,0.25073421597146145,225,1,202.0,-1.3123208923514862
172,202,0,226.0,1.5044052958287695,226,1,202.0,-0.8795187109171114
173,202,0,227.0,0.25073421597146145,227,1,202.0,-0.9813971223740209
174,202,0,228.0,-1.4208272238382824,228,1,202.0,-1.4029369352180072
175,202,0,229.0,1.5044052958287695,229,1,202.0,-0.4321552196166395
176,202,0,230.0,-1.4208272238382824,230,1,202.0,-1.6357213578085328
177,202,0,231.0,0.25073421597146145,231,1,202.0,-0.6727250962451972
178,202,0,232.0,0.25073421597146145,232,1,202.0,-0.7137907303292126
179,202,0,233.0,-0.16715614398097453,233,1,202.0,1.0419761445034554
180,203,0,214.0,-1.2926796654755996,214,1,203.0,1.0998492444531678
181,203,0,215.0,0.4601063216099591,215,1,203.0,-0.7677110428537296
182,203,0,216.0,-2.1690726590183793,216,1,203.0,0.9695025817567282
183,203,0,217.0,1.7746958119241283,217,1,203.0,0.588956995689823
184,203,0,218.0,0.4601063216099591,218,1,203.0,0.485991610322511
185,203,0,219.0,0.4601063216099591,219,1,203.0,0.7281361358607615
186,203,0,220.0,0.4601063216099591,220,1,203.0,0.3573152158344407
187,203,0,221.0,-0.4162866719328203,221,1,203.0,0.3642548067573166
188,203,0,222.0,-0.4162866719328203,222,1,203.0,0.5585240370278857
189,203,0,223.0,0.021909824838569406,223,1,203.0,1.3127706708221565
190,203,0,224.0,-0.85448316870421,224,1,203.0,0.461566331377051
191,203,0,225.0,0.8983028183813488,225,1,203.0,0.6632159348442993
192,203,0,226.0,1.3364993151527385,226,1,203.0,0.39978123223505063
193,203,0,227.0,0.021909824838569406,227,1,203.0,-0.5592908331808937
194,203,0,228.0,0.4601063216099591,228,1,203.0,1.2158786771889396
195,203,0,229.0,0.8983028183813488,229,1,203.0,-0.4321552196166395
196,203,0,230.0,-1.2926796654755996,230,1,203.0,0.4524335670534238
197,203,0,231.0,-0.85448316870421,231,1,203.0,0.8561955770393425
198,203,0,232.0,-0.85448316870421,232,1,203.0,-0.11896512172153553
199,203,0,233.0,0.8983028183813488,233,1,203.0,2.083952289006911
200,204,0,214.0,0.025090954492590217,214,1,204.0,0.4622554795527805
201,204,0,215.0,0.5269100443443964,215,1,204.0,-0.024764872350120225
202,204,0,216.0,0.5269100443443964,216,1,204.0,1.4424306704185468
203,204,0,217.0,1.2796386791221055,217,1,204.0,-0.4206835683498735
204,204,0,218.0,-0.47672813535921593,218,1,204.0,0.485991610322511
205,204,0,219.0,1.0287291341962026,219,1,204.0,-0.1040194479801088
206,204,0,220.0,0.025090954492590217,220,1,204.0,-0.25522515416745767
207,204,0,221.0,-0.47672813535921593,221,1,204.0,-1.6755721110836563
208,204,0,222.0,-2.9858235846182466,222,1,204.0,-1.1413317278395918
209,204,0,223.0,-0.47672813535921593,223,1,204.0,-0.06909319320116587
210,204,0,224.0,-0.9785472252110221,224,1,204.0,-2.835336035601884
211,204,0,225.0,1.0287291341962026,225,1,204.0,0.6632159348442993
212,204,0,226.0,0.7778195892702995,226,1,204.0,-1.5191686824931925
213,204,0,227.0,0.5269100443443964,227,1,204.0,-0.9813971223740209
214,204,0,228.0,-1.4803663150628281,228,1,204.0,-1.4029369352180072
215,204,0,229.0,0.5269100443443964,229,1,204.0,-1.040373676854873
216,204,0,230.0,0.025090954492590217,230,1,204.0,-1.6357213578085328
217,204,0,231.0,0.5269100443443964,231,1,204.0,-0.6727250962451972
218,204,0,232.0,-0.47672813535921593,232,1,204.0,-0.11896512172153553
219,204,0,233.0,0.5269100443443964,233,1,204.0,0.0
220,205,0,214.0,0.0,214,1,205.0,0.4622554795527805
221,205,0,215.0,1.2525203948237895,215,1,205.0,-1.758305936858542
222,205,0,216.0,-1.6700271930983859,216,1,205.0,-0.9222097728905457
223,205,0,217.0,1.0437669956864912,217,1,205.0,-1.0937772777096713
224,205,0,218.0,0.0,218,1,205.0,1.133980424085859
225,205,0,219.0,0.0,219,1,205.0,-0.1040194479801088
226,205,0,220.0,0.6262601974118948,220,1,205.0,0.765675462502373
227,205,0,221.0,0.6262601974118948,221,1,205.0,-0.8013605748660965
228,205,0,222.0,1.6700271930983859,222,1,205.0,-0.41282211432495863
229,205,0,223.0,-0.8350135965491929,223,1,205.0,1.3127706708221565
230,205,0,224.0,1.0437669956864912,224,1,205.0,-0.8571946154145229
231,205,0,225.0,0.41750679827459647,225,1,205.0,-1.3123208923514862
232,205,0,226.0,0.0,226,1,205.0,-1.5191686824931925
233,205,0,227.0,-1.6700271930983859,227,1,205.0,-0.9813971223740209
234,205,0,228.0,0.0,228,1,205.0,-0.2805873870436014
235,205,0,229.0,-0.41750679827459647,229,1,205.0,-0.4321552196166395
236,205,0,230.0,-1.2525203948237895,230,1,205.0,0.4524335670534238
237,205,0,231.0,-1.6700271930983859,231,1,205.0,0.24462730772552654
238,205,0,232.0,0.0,232,1,205.0,1.0706860954938187
239,205,0,233.0,0.8350135965491929,233,1,205.0,1.0419761445034554
240,206,0,214.0,-2.7587025139437493,214,1,206.0,-0.4941351677978003
241,206,0,215.0,0.10217416718310182,215,1,206.0,0.22288385115108292
242,206,0,216.0,0.9195675046479164,216,1,206.0,-0.4492816842287272
243,206,0,217.0,-0.3065225015493055,217,1,206.0,-1.0937772777096713
244,206,0,218.0,-0.7152191702817128,218,1,206.0,0.485991610322511
245,206,0,219.0,-0.7152191702817128,219,1,206.0,-1.3522528237414144
246,206,0,220.0,2.5543541795775457,220,1,206.0,0.765675462502373
247,206,0,221.0,0.10217416718310182,221,1,206.0,0.3642548067573166
248,206,0,222.0,0.10217416718310182,222,1,206.0,-0.16998557648674759
249,206,0,223.0,0.10217416718310182,223,1,206.0,0.6218387388104952
250,206,0,224.0,0.10217416718310182,224,1,206.0,-0.5275043787166295
251,206,0,225.0,0.9195675046479164,225,1,206.0,0.6632159348442993
252,206,0,226.0,0.10217416718310182,226,1,206.0,0.39978123223505063
253,206,0,227.0,0.10217416718310182,227,1,206.0,-0.9813971223740209
254,206,0,228.0,-0.3065225015493055,228,1,206.0,1.2158786771889396
255,206,0,229.0,0.9195675046479164,229,1,206.0,0.7842816948598276
256,206,0,230.0,-0.7152191702817128,230,1,206.0,-0.011600860693677701
257,206,0,231.0,0.10217416718310182,231,1,206.0,0.5504114423824344
258,206,0,232.0,-0.7152191702817128,232,1,206.0,-0.4163779260253741
259,206,0,233.0,0.10217416718310182,233,1,206.0,0.0
260,207,0,214.0,-0.7742164457562347,214,1,207.0,1.0998492444531678
261,207,0,215.0,0.4645298674537408,215,1,207.0,1.4611274686570985
262,207,0,216.0,0.051614429717082314,216,1,207.0,0.9695025817567282
263,207,0,217.0,0.4645298674537408,217,1,207.0,1.9351444144094183
264,207,0,218.0,0.4645298674537408,218,1,207.0,1.133980424085859
265,207,0,219.0,1.496818461795387,219,1,207.0,1.560291719701632
266,207,0,220.0,0.4645298674537408,220,1,207.0,0.3573152158344407
267,207,0,221.0,0.051614429717082314,221,1,207.0,1.5298701883807295
268,207,0,222.0,-2.0129627589662102,222,1,207.0,0.5585240370278857
269,207,0,223.0,-0.7742164457562347,223,1,207.0,0.6218387388104952
270,207,0,224.0,-1.6000473212295516,224,1,207.0,0.1318760946791575
271,207,0,225.0,0.051614429717082314,225,1,207.0,1.2276550283288095
272,207,0,226.0,1.9097338995320456,226,1,207.0,1.3592561895991722
273,207,0,227.0,1.0839030240587286,227,1,207.0,1.7622937573813062
274,207,0,228.0,-0.3613010080195762,228,1,207.0,0.46764564507266904
275,207,0,229.0,0.8774453051903993,229,1,207.0,1.0883909234789444
276,207,0,230.0,-0.7742164457562347,230,1,207.0,0.9164679948005252
277,207,0,231.0,-0.3613010080195762,231,1,207.0,-0.6727250962451972
278,207,0,232.0,-1.1871318834928932,232,1,207.0,0.4758604868861416
279,207,0,233.0,0.4645298674537408,233,1,207.0,1.0419761445034554
280,208,0,214.0,-0.8786160741969005,214,1,208.0,-0.1753382853476067
281,208,0,215.0,1.4134258584906665,215,1,208.0,0.9658300216546923
282,208,0,216.0,1.1587545326364923,216,1,208.0,0.02364640443309126
283,208,0,217.0,-0.11460209663437816,217,1,208.0,1.2620507050496206
284,208,0,218.0,-1.3879587259052486,218,1,208.0,0.485991610322511
285,208,0,219.0,0.9040832067823182,219,1,208.0,0.7281361358607615
286,208,0,220.0,0.39474055507397005,220,1,208.0,-0.05104503083349153
287,208,0,221.0,-1.3879587259052486,221,1,208.0,0.947062497569023
288,208,0,222.0,-1.3879587259052486,222,1,208.0,1.0441971127043077
289,208,0,223.0,-1.3879587259052486,223,1,208.0,-0.06909319320116587
290,208,0,224.0,1.4134258584906665,224,1,208.0,0.1318760946791575
291,208,0,225.0,-0.36927342248855227,225,1,208.0,1.2276550283288095
292,208,0,226.0,0.9040832067823182,226,1,208.0,1.3592561895991722
293,208,0,227.0,0.9040832067823182,227,1,208.0,1.340187468188179
294,208,0,228.0,-0.36927342248855227,228,1,208.0,1.2158786771889396
295,208,0,229.0,0.39474055507397005,229,1,208.0,1.696609380717178
296,208,0,230.0,0.9040832067823182,230,1,208.0,0.4524335670534238
297,208,0,231.0,-0.6239447483427264,231,1,208.0,1.4677638463531582
298,208,0,232.0,-0.8786160741969005,232,1,208.0,-0.11896512172153553
299,208,0,233.0,0.39474055507397005,233,1,208.0,-1.0419761445034554
300,209,0,214.0,,214,1,209.0,-0.4941351677978003
301,209,0,215.0,,215,1,209.0,-0.27241359585132335
302,209,0,216.0,,216,1,209.0,-0.9222097728905457
303,209,0,217.0,,217,1,209.0,-1.0937772777096713
304,209,0,218.0,,218,1,209.0,-1.781969237849207
305,209,0,219.0,,219,1,209.0,-1.3522528237414144
306,209,0,220.0,,220,1,209.0,0.3573152158344407
307,209,0,221.0,,221,1,209.0,-1.6755721110836563
308,209,0,222.0,,222,1,209.0,-1.1413317278395918
309,209,0,223.0,,223,1,209.0,-0.41455915920699643
310,209,0,224.0,,224,1,209.0,0.461566331377051
311,209,0,225.0,,225,1,209.0,0.6632159348442993
312,209,0,226.0,,226,1,209.0,-0.2398687393410304
313,209,0,227.0,,227,1,209.0,-0.5592908331808937
314,209,0,228.0,0.7071067811865475,228,1,209.0,0.46764564507266904
315,209,0,229.0,,229,1,209.0,-1.040373676854873
316,209,0,230.0,-0.7071067811865475,230,1,209.0,-1.6357213578085328
317,209,0,231.0,,231,1,209.0,-0.6727250962451972
318,209,0,232.0,,232,1,209.0,-0.4163779260253741
319,209,0,233.0,,233,1,209.0,-0.5209880722517277
320,210,0,214.0,0.8622713606374866,214,1,210.0,1.737443009353555
321,210,0,215.0,0.49140195821276117,215,1,210.0,0.9658300216546923
322,210,0,216.0,-1.5483797551232283,216,1,210.0,0.9695025817567282
323,210,0,217.0,-0.06490214542432687,217,1,210.0,-1.0937772777096713
324,210,0,218.0,-1.177510352698503,218,1,210.0,0.161997203440837
325,210,0,219.0,0.8622713606374866,219,1,210.0,-0.520097239900544
326,210,0,220.0,1.0477060618498493,220,1,210.0,0.765675462502373
327,210,0,221.0,-0.8066409502737776,221,1,210.0,-0.21855288405438994
328,210,0,222.0,-1.177510352698503,222,1,210.0,1.52987018838073
329,210,0,223.0,0.6768366594251238,223,1,210.0,1.3127706708221565
330,210,0,224.0,0.6768366594251238,224,1,210.0,-1.1868848521124165
331,210,0,225.0,0.8622713606374866,225,1,210.0,-1.3123208923514862
332,210,0,226.0,1.6040101654869372,226,1,210.0,0.39978123223505063
333,210,0,227.0,-0.06490214542432687,227,1,210.0,-0.13718454398776642
334,210,0,228.0,-1.177510352698503,228,1,210.0,0.46764564507266904
335,210,0,229.0,1.233140763062212,229,1,210.0,1.696609380717178
336,210,0,230.0,0.49140195821276117,230,1,210.0,0.4524335670534238
337,210,0,231.0,-1.177510352698503,231,1,210.0,-0.6727250962451972
338,210,0,232.0,-0.43577154784905225,232,1,210.0,-0.11896512172153553
339,210,0,233.0,-1.177510352698503,233,1,210.0,2.083952289006911
340,211,0,214.0,0.3702769752883557,214,1,211.0,-0.812932050247994
341,211,0,215.0,-0.7690367948296611,215,1,211.0,-0.024764872350120225
342,211,0,216.0,-0.19937990977065273,216,1,211.0,0.02364640443309126
343,211,0,217.0,-1.908350564947678,217,1,211.0,-0.7572304230297724
344,211,0,218.0,-1.908350564947678,218,1,211.0,-0.485991610322511
345,211,0,219.0,1.2247623028768684,219,1,211.0,-0.1040194479801088
346,211,0,220.0,-0.19937990977065273,220,1,211.0,0.765675462502373
347,211,0,221.0,-0.19937990977065273,221,1,211.0,-0.21855288405438994
348,211,0,222.0,-0.19937990977065273,222,1,211.0,0.5585240370278857
349,211,0,223.0,-0.19937990977065273,223,1,211.0,-0.41455915920699643
350,211,0,224.0,-0.7690367948296611,224,1,211.0,1.4506370414707315
351,211,0,225.0,0.3702769752883557,225,1,211.0,0.6632159348442993
352,211,0,226.0,1.7944191879358766,226,1,211.0,0.39978123223505063
353,211,0,227.0,1.2247623028768684,227,1,211.0,-0.13718454398776642
354,211,0,228.0,0.3702769752883557,228,1,211.0,0.46764564507266904
355,211,0,229.0,0.3702769752883557,229,1,211.0,-1.040373676854873
356,211,0,230.0,1.2247623028768684,230,1,211.0,0.9164679948005252
357,211,0,231.0,0.3702769752883557,231,1,211.0,-0.061156826931381365
358,211,0,232.0,0.3702769752883557,232,1,211.0,-0.11896512172153553
359,211,0,233.0,-1.3386936798886695,233,1,211.0,-1.0419761445034554
360,212,0,214.0,-0.6571287406727709,214,1,212.0,0.4622554795527805
361,212,0,215.0,0.6571287406727709,215,1,212.0,0.47053257465228604
362,212,0,216.0,-0.6571287406727709,216,1,212.0,0.02364640443309126
363,212,0,217.0,1.533300394903132,217,1,212.0,1.2620507050496206
364,212,0,218.0,-1.533300394903132,218,1,212.0,0.161997203440837
365,212,0,219.0,0.6571287406727709,219,1,212.0,1.560291719701632
366,212,0,220.0,-1.533300394903132,220,1,212.0,0.1531350925004746
367,212,0,221.0,0.6571287406727709,221,1,212.0,0.3642548067573166
368,212,0,222.0,-0.6571287406727709,222,1,212.0,1.52987018838073
369,212,0,223.0,-0.6571287406727709,223,1,212.0,0.6218387388104952
370,212,0,224.0,-0.21904291355759029,224,1,212.0,0.7912565680749445
371,212,0,225.0,-0.21904291355759029,225,1,212.0,-0.1834427053824659
372,212,0,226.0,0.6571287406727709,226,1,212.0,1.3592561895991722
373,212,0,227.0,0.6571287406727709,227,1,212.0,0.2849217452053608
374,212,0,228.0,-0.21904291355759029,228,1,212.0,0.46764564507266904
375,212,0,229.0,1.533300394903132,229,1,212.0,0.17606323762159407
376,212,0,230.0,-1.533300394903132,230,1,212.0,-0.011600860693677701
377,212,0,231.0,1.533300394903132,231,1,212.0,-0.3669409615882893
378,212,0,232.0,-0.6571287406727709,232,1,212.0,1.0706860954938187
379,212,0,233.0,0.6571287406727709,233,1,212.0,0.0
380,213,0,214.0,1.1413317278395918,214,1,213.0,0.4622554795527805
381,213,0,215.0,0.16998557648674759,215,1,213.0,0.22288385115108292
382,213,0,216.0,-0.8013605748660967,216,1,213.0,0.9695025817567282
383,213,0,217.0,1.627004803516014,217,1,213.0,-0.0841367136699747
384,213,0,218.0,-1.772706726218941,218,1,213.0,0.485991610322511
385,213,0,219.0,0.16998557648674759,219,1,213.0,0.7281361358607615
386,213,0,220.0,-0.8013605748660967,220,1,213.0,-0.05104503083349153
387,213,0,221.0,0.16998557648674759,221,1,213.0,0.3642548067573166
388,213,0,222.0,-1.772706726218941,222,1,213.0,-0.6556586521631698
389,213,0,223.0,0.16998557648674759,223,1,213.0,0.6218387388104952
390,213,0,224.0,0.16998557648674759,224,1,213.0,0.461566331377051
391,213,0,225.0,0.16998557648674759,225,1,213.0,1.2276550283288095
392,213,0,226.0,1.627004803516014,226,1,213.0,-0.2398687393410304
393,213,0,227.0,1.627004803516014,227,1,213.0,0.49597488980192445
394,213,0,228.0,-0.8013605748660967,228,1,213.0,1.2158786771889396
395,213,0,229.0,0.16998557648674759,229,1,213.0,0.48017246624071086
396,213,0,230.0,-0.8013605748660967,230,1,213.0,1.3805024225476268
397,213,0,231.0,0.16998557648674759,231,1,213.0,-0.061156826931381365
398,213,0,232.0,0.16998557648674759,232,1,213.0,1.0706860954938187
399,213,0,233.0,-0.8013605748660967,233,1,213.0,0.0
