iid,attr,sinc,intel,fun,amb,iid
1,-0.7857464198974794,-0.2025284566403154,-0.35386714861624136,0.19314450385281515,-0.3232901092456892,1
2,-0.06636371789674657,-2.3271172985574307,-0.35386714861624136,1.4855435296333803,-2.562564731752572,2
3,0.6530189841039862,0.505667823998723,0.5638170358335329,0.19314450385281515,0.23652854638103138,3
4,-0.06636371789674657,-0.2025284566403154,-1.2715513330660155,0.8393440167430978,0.23652854638103138,4
5,-0.7857464198974794,-3.743509859835507,1.481501220283307,-1.0992545219277503,0.23652854638103138,5
6,-1.5051291218982121,-0.9107247372793538,0.5638170358335329,0.19314450385281515,-1.4429274204991303,6
7,-0.7857464198974794,-1.6189210179183924,-1.2715513330660155,-1.745454034818033,-0.3232901092456892,7
8,-0.06636371789674657,-3.035313579196469,-0.35386714861624136,0.19314450385281515,0.23652854638103138,8
9,-0.06636371789674657,-1.6189210179183924,-1.2715513330660155,1.4855435296333803,-0.3232901092456892,9
10,-0.7857464198974794,-0.2025284566403154,-2.18923551751579,1.4855435296333803,0.796347202007752,10
11,0.6530189841039862,0.505667823998723,-0.35386714861624136,-0.45305500903746754,-1.4429274204991303,11
12,1.372401686104719,0.505667823998723,1.481501220283307,0.8393440167430978,0.796347202007752,12
13,-2.2245118238989448,-0.9107247372793538,-0.35386714861624136,0.19314450385281515,-2.562564731752572,13
14,1.372401686104719,0.505667823998723,0.5638170358335329,0.8393440167430978,0.796347202007752,14
15,-0.06636371789674657,-0.9107247372793538,0.5638170358335329,-0.45305500903746754,0.796347202007752,15
16,-0.7857464198974794,-1.6189210179183924,-0.35386714861624136,0.19314450385281515,-0.8831087648724097,16
17,-0.06636371789674657,-0.9107247372793538,-0.35386714861624136,-1.0992545219277503,-2.002746076125851,17
18,-0.7857464198974794,-0.2025284566403154,-0.35386714861624136,-1.0992545219277503,0.796347202007752,18
19,2.091784388105452,-1.6189210179183924,1.481501220283307,1.4855435296333803,1.3561658576344726,19
20,-0.06636371789674657,-0.9107247372793538,1.481501220283307,1.4855435296333803,1.3561658576344726,20
21,-1.5051291218982121,0.505667823998723,0.5638170358335329,-0.45305500903746754,1.3561658576344726,21
22,-0.06636371789674657,-0.2025284566403154,-0.35386714861624136,-0.45305500903746754,-0.3232901092456892,22
23,-1.5051291218982121,-0.2025284566403154,-1.2715513330660155,-1.0992545219277503,0.23652854638103138,23
24,-0.06636371789674657,0.505667823998723,-0.35386714861624136,0.8393440167430978,0.23652854638103138,24
25,-0.06636371789674657,0.505667823998723,-0.35386714861624136,-0.45305500903746754,-0.8831087648724097,25
26,-0.06636371789674657,-0.2025284566403154,-0.35386714861624136,0.19314450385281515,0.23652854638103138,26
27,-0.7857464198974794,-1.6189210179183924,-1.2715513330660155,-0.45305500903746754,-0.3232901092456892,27
28,0.0,0.0,0.0,0.0,0.0,28
29,-0.7857464198974794,0.505667823998723,-1.2715513330660155,0.19314450385281515,0.23652854638103138,29
30,-0.06636371789674657,-0.2025284566403154,-0.35386714861624136,0.8393440167430978,0.23652854638103138,30
31,0.6530189841039862,-0.2025284566403154,-0.35386714861624136,0.8393440167430978,0.796347202007752,31
32,-0.06636371789674657,-2.3271172985574307,0.5638170358335329,0.8393440167430978,-0.3232901092456892,32
33,-0.7857464198974794,-0.2025284566403154,-0.35386714861624136,-1.0992545219277503,0.23652854638103138,33
34,-0.06636371789674657,-0.9107247372793538,-1.2715513330660155,-0.45305500903746754,0.23652854638103138,34
35,0.6530189841039862,0.505667823998723,0.5638170358335329,0.8393440167430978,-0.3232901092456892,35
36,0.6530189841039862,-0.9107247372793538,-0.35386714861624136,0.19314450385281515,-0.8831087648724097,36
37,-0.06636371789674657,-0.2025284566403154,0.5638170358335329,-0.45305500903746754,-1.4429274204991303,37
38,0.6530189841039862,-4.4517061404745455,-0.35386714861624136,-0.45305500903746754,0.23652854638103138,38
39,-0.7857464198974794,0.505667823998723,-0.35386714861624136,-1.0992545219277503,-0.3232901092456892,39
40,-2.9438945258996774,1.2138641046377614,0.5638170358335329,0.19314450385281515,-1.4429274204991303,40
41,-1.5051291218982121,-0.9107247372793538,-0.35386714861624136,-1.745454034818033,-1.4429274204991303,41
42,-0.7857464198974794,0.505667823998723,-0.35386714861624136,-1.0992545219277503,-2.002746076125851,42
43,-2.9438945258996774,-0.2025284566403154,-1.2715513330660155,-3.0378530605985983,-3.1223833873792923,43
44,-0.06636371789674657,0.505667823998723,0.5638170358335329,0.19314450385281515,0.796347202007752,44
45,-0.06636371789674657,-0.2025284566403154,-0.35386714861624136,-1.0992545219277503,-0.3232901092456892,45
46,-0.06636371789674657,-0.2025284566403154,-1.2715513330660155,-1.745454034818033,-0.3232901092456892,46
47,0.6530189841039862,-0.9107247372793538,0.5638170358335329,0.8393440167430978,-2.562564731752572,47
48,-0.06636371789674657,0.505667823998723,-1.2715513330660155,-1.0992545219277503,-0.8831087648724097,48
49,-0.06636371789674657,1.2138641046377614,1.481501220283307,1.4855435296333803,0.23652854638103138,49
50,0.6530189841039862,0.505667823998723,1.481501220283307,0.8393440167430978,0.23652854638103138,50
51,-0.7857464198974794,-0.2025284566403154,1.481501220283307,-3.6840525734888807,-3.1223833873792923,51
52,-1.5051291218982121,-0.2025284566403154,-0.35386714861624136,-1.0992545219277503,-0.3232901092456892,52
53,0.6530189841039862,0.505667823998723,-0.35386714861624136,0.19314450385281515,0.23652854638103138,53
54,0.6530189841039862,0.505667823998723,-0.35386714861624136,0.19314450385281515,0.23652854638103138,54
55,-0.7857464198974794,1.2138641046377614,0.5638170358335329,1.4855435296333803,1.3561658576344726,55
56,2.091784388105452,1.2138641046377614,-0.35386714861624136,0.8393440167430978,-1.4429274204991303,56
57,-0.7857464198974794,1.2138641046377614,0.5638170358335329,1.4855435296333803,1.3561658576344726,57
58,0.0,0.0,0.0,0.0,0.0,58
59,0.0,0.0,0.0,0.0,0.0,59
60,-0.06636371789674657,0.505667823998723,0.5638170358335329,0.8393440167430978,0.796347202007752,60
61,-0.06636371789674657,1.2138641046377614,1.481501220283307,-0.45305500903746754,-0.3232901092456892,61
62,1.372401686104719,0.505667823998723,0.5638170358335329,0.8393440167430978,0.796347202007752,62
63,-0.7857464198974794,-0.2025284566403154,-0.35386714861624136,0.8393440167430978,-0.3232901092456892,63
64,0.6530189841039862,-0.2025284566403154,0.5638170358335329,-1.0992545219277503,0.796347202007752,64
65,-0.06636371789674657,0.505667823998723,-0.35386714861624136,0.8393440167430978,0.796347202007752,65
66,-0.7857464198974794,-0.9107247372793538,-0.35386714861624136,-0.45305500903746754,0.23652854638103138,66
67,-1.5051291218982121,-0.9107247372793538,-1.2715513330660155,-1.0992545219277503,-0.3232901092456892,67
68,-0.7857464198974794,-0.2025284566403154,-0.35386714861624136,-0.45305500903746754,0.23652854638103138,68
69,-1.5051291218982121,0.505667823998723,-0.35386714861624136,-1.745454034818033,0.23652854638103138,69
70,0.6530189841039862,-1.6189210179183924,0.5638170358335329,0.19314450385281515,-0.8831087648724097,70
71,-0.7857464198974794,-0.2025284566403154,1.481501220283307,0.19314450385281515,1.3561658576344726,71
72,-0.06636371789674657,0.505667823998723,-0.35386714861624136,0.19314450385281515,0.23652854638103138,72
73,-0.06636371789674657,-0.9107247372793538,-1.2715513330660155,0.19314450385281515,0.23652854638103138,73
74,-0.06636371789674657,0.505667823998723,-0.35386714861624136,0.8393440167430978,-0.3232901092456892,74
75,-0.06636371789674657,-0.9107247372793538,-0.35386714861624136,0.19314450385281515,0.23652854638103138,75
76,-0.7857464198974794,-1.6189210179183924,-0.35386714861624136,-1.0992545219277503,-2.002746076125851,76
77,-0.7857464198974794,-0.2025284566403154,-0.35386714861624136,0.19314450385281515,0.23652854638103138,77
78,-2.9438945258996774,1.2138641046377614,-0.35386714861624136,-3.0378530605985983,0.23652854638103138,78
79,-0.06636371789674657,0.505667823998723,-1.2715513330660155,0.19314450385281515,-0.3232901092456892,79
80,0.6530189841039862,-0.2025284566403154,-0.35386714861624136,0.19314450385281515,0.23652854638103138,80
81,0.6530189841039862,-0.9107247372793538,-1.2715513330660155,0.19314450385281515,-0.3232901092456892,81
82,0.6530189841039862,0.505667823998723,-0.35386714861624136,0.19314450385281515,-0.3232901092456892,82
83,-1.5051291218982121,0.505667823998723,-3.106919701965564,0.8393440167430978,-1.4429274204991303,83
84,-0.06636371789674657,0.505667823998723,-0.35386714861624136,-0.45305500903746754,-1.4429274204991303,84
85,-0.06636371789674657,0.505667823998723,-0.35386714861624136,0.8393440167430978,0.796347202007752,85
86,-0.06636371789674657,0.505667823998723,0.5638170358335329,0.8393440167430978,-2.002746076125851,86
87,1.372401686104719,0.505667823998723,0.5638170358335329,0.8393440167430978,0.796347202007752,87
88,1.372401686104719,0.505667823998723,0.5638170358335329,0.8393440167430978,0.796347202007752,88
89,0.6530189841039862,0.505667823998723,0.5638170358335329,0.19314450385281515,1.3561658576344726,89
90,-1.5051291218982121,-0.2025284566403154,-1.2715513330660155,-1.745454034818033,-1.4429274204991303,90
91,-0.7857464198974794,-0.9107247372793538,0.5638170358335329,-0.45305500903746754,0.23652854638103138,91
92,1.372401686104719,1.2138641046377614,0.5638170358335329,0.8393440167430978,0.796347202007752,92
93,0.6530189841039862,-0.2025284566403154,-0.35386714861624136,0.19314450385281515,-0.3232901092456892,93
94,-0.7857464198974794,0.505667823998723,0.5638170358335329,0.8393440167430978,-0.3232901092456892,94
95,-0.06636371789674657,0.505667823998723,1.481501220283307,0.19314450385281515,-0.3232901092456892,95
96,-0.06636371789674657,0.505667823998723,0.5638170358335329,0.8393440167430978,0.796347202007752,96
97,-0.06636371789674657,-2.3271172985574307,-2.18923551751579,-0.45305500903746754,-0.8831087648724097,97
98,0.6530189841039862,-0.2025284566403154,-0.35386714861624136,0.19314450385281515,0.23652854638103138,98
99,2.091784388105452,1.2138641046377614,1.481501220283307,1.4855435296333803,0.23652854638103138,99
100,-0.06636371789674657,-0.2025284566403154,0.5638170358335329,0.19314450385281515,-0.8831087648724097,100
101,0.6530189841039862,-0.2025284566403154,0.5638170358335329,0.19314450385281515,0.796347202007752,101
102,0.6530189841039862,-2.3271172985574307,1.481501220283307,-0.45305500903746754,0.796347202007752,102
103,0.6530189841039862,-0.2025284566403154,0.5638170358335329,0.19314450385281515,0.796347202007752,103
104,1.372401686104719,-0.2025284566403154,0.5638170358335329,-0.45305500903746754,0.796347202007752,104
105,0.6530189841039862,-0.9107247372793538,-0.35386714861624136,0.8393440167430978,-0.8831087648724097,105
106,-2.2245118238989448,-0.9107247372793538,0.5638170358335329,-3.0378530605985983,-3.1223833873792923,106
107,-0.06636371789674657,0.505667823998723,0.5638170358335329,0.8393440167430978,-0.8831087648724097,107
108,-2.2245118238989448,-0.2025284566403154,-1.2715513330660155,-3.0378530605985983,-3.1223833873792923,108
109,-0.7857464198974794,0.505667823998723,0.5638170358335329,0.19314450385281515,0.23652854638103138,109
110,-0.06636371789674657,0.505667823998723,-0.35386714861624136,0.19314450385281515,-0.3232901092456892,110
111,-1.5051291218982121,-0.2025284566403154,-0.35386714861624136,-1.745454034818033,-1.4429274204991303,111
112,1.372401686104719,1.2138641046377614,0.5638170358335329,0.8393440167430978,0.796347202007752,112
113,0.6530189841039862,1.2138641046377614,-0.35386714861624136,1.4855435296333803,0.796347202007752,113
114,-0.06636371789674657,0.505667823998723,-2.18923551751579,0.19314450385281515,-0.3232901092456892,114
115,0.6530189841039862,-0.9107247372793538,0.5638170358335329,0.19314450385281515,0.23652854638103138,115
116,0.6530189841039862,0.505667823998723,0.5638170358335329,0.19314450385281515,0.796347202007752,116
117,0.6530189841039862,-0.9107247372793538,-0.35386714861624136,0.19314450385281515,0.23652854638103138,117
119,0.6530189841039862,1.2138641046377614,1.481501220283307,1.4855435296333803,1.3561658576344726,119
120,-0.7857464198974794,-0.2025284566403154,-0.35386714861624136,0.19314450385281515,0.796347202007752,120
121,-3.6632772279004104,0.505667823998723,-1.2715513330660155,0.8393440167430978,0.796347202007752,121
122,-0.06636371789674657,1.2138641046377614,-0.35386714861624136,0.19314450385281515,0.23652854638103138,122
123,0.6530189841039862,-0.9107247372793538,-1.2715513330660155,-0.45305500903746754,0.23652854638103138,123
124,0.6530189841039862,-0.2025284566403154,1.481501220283307,1.4855435296333803,1.3561658576344726,124
125,1.372401686104719,-1.6189210179183924,0.5638170358335329,1.4855435296333803,1.3561658576344726,125
126,1.372401686104719,1.2138641046377614,0.5638170358335329,0.8393440167430978,0.796347202007752,126
127,0.6530189841039862,-0.2025284566403154,0.5638170358335329,0.8393440167430978,0.23652854638103138,127
128,0.6530189841039862,-0.9107247372793538,-0.35386714861624136,-0.45305500903746754,-0.3232901092456892,128
129,0.6530189841039862,-0.2025284566403154,-0.35386714861624136,0.19314450385281515,0.23652854638103138,129
130,-1.5051291218982121,-1.6189210179183924,-2.18923551751579,-1.0992545219277503,-0.8831087648724097,130
131,-2.2245118238989448,-1.6189210179183924,-2.18923551751579,-2.3916535477083154,-0.8831087648724097,131
132,0.6530189841039862,1.2138641046377614,0.5638170358335329,1.4855435296333803,1.3561658576344726,132
133,-0.7857464198974794,-0.2025284566403154,-0.35386714861624136,-0.45305500903746754,-0.3232901092456892,133
134,-0.06636371789674657,-0.2025284566403154,-0.35386714861624136,0.19314450385281515,0.23652854638103138,134
135,1.372401686104719,1.2138641046377614,0.5638170358335329,-0.45305500903746754,-0.8831087648724097,135
136,0.0,0.0,0.0,0.0,0.0,136
137,-0.06636371789674657,0.505667823998723,0.5638170358335329,0.19314450385281515,0.23652854638103138,137
138,0.6530189841039862,-0.2025284566403154,-0.35386714861624136,0.19314450385281515,0.23652854638103138,138
139,0.6530189841039862,-0.2025284566403154,0.5638170358335329,0.8393440167430978,-0.8831087648724097,139
140,-0.06636371789674657,-0.9107247372793538,-0.35386714861624136,0.8393440167430978,0.23652854638103138,140
141,-0.06636371789674657,0.505667823998723,-0.35386714861624136,0.19314450385281515,-0.8831087648724097,141
142,1.372401686104719,0.505667823998723,1.481501220283307,0.8393440167430978,-0.3232901092456892,142
143,-0.06636371789674657,1.2138641046377614,-0.35386714861624136,-0.45305500903746754,-0.3232901092456892,143
144,-0.06636371789674657,-0.2025284566403154,0.5638170358335329,0.19314450385281515,0.796347202007752,144
145,-1.5051291218982121,-2.3271172985574307,0.5638170358335329,-0.45305500903746754,-0.3232901092456892,145
146,0.6530189841039862,-0.2025284566403154,-0.35386714861624136,0.19314450385281515,0.23652854638103138,146
147,0.6530189841039862,-0.9107247372793538,0.5638170358335329,0.19314450385281515,-0.3232901092456892,147
148,0.6530189841039862,0.505667823998723,0.5638170358335329,0.8393440167430978,0.23652854638103138,148
149,0.6530189841039862,-0.2025284566403154,-0.35386714861624136,0.19314450385281515,0.23652854638103138,149
150,-0.06636371789674657,0.505667823998723,0.5638170358335329,0.19314450385281515,0.23652854638103138,150
151,1.372401686104719,1.2138641046377614,1.481501220283307,1.4855435296333803,0.23652854638103138,151
152,-0.06636371789674657,0.505667823998723,1.481501220283307,0.19314450385281515,0.23652854638103138,152
153,-0.06636371789674657,-0.9107247372793538,-1.2715513330660155,-1.0992545219277503,-0.8831087648724097,153
154,0.6530189841039862,0.505667823998723,0.5638170358335329,0.8393440167430978,0.796347202007752,154
155,-0.06636371789674657,1.2138641046377614,-0.35386714861624136,-1.0992545219277503,0.796347202007752,155
156,0.6530189841039862,1.2138641046377614,0.5638170358335329,1.4855435296333803,1.3561658576344726,156
157,-0.06636371789674657,-0.2025284566403154,-0.35386714861624136,0.8393440167430978,0.796347202007752,157
158,-0.06636371789674657,0.505667823998723,0.5638170358335329,-0.45305500903746754,-0.8831087648724097,158
159,-1.5051291218982121,0.505667823998723,0.5638170358335329,0.19314450385281515,-0.3232901092456892,159
160,0.6530189841039862,-0.2025284566403154,-0.35386714861624136,0.8393440167430978,0.796347202007752,160
161,0.6530189841039862,-0.9107247372793538,0.5638170358335329,0.8393440167430978,-0.3232901092456892,161
162,-0.06636371789674657,-0.2025284566403154,0.5638170358335329,-0.45305500903746754,0.23652854638103138,162
163,-0.06636371789674657,-0.2025284566403154,0.5638170358335329,0.19314450385281515,-0.3232901092456892,163
164,-0.06636371789674657,0.505667823998723,0.5638170358335329,-1.0992545219277503,-2.002746076125851,164
165,0.6530189841039862,-1.6189210179183924,0.5638170358335329,-0.45305500903746754,-3.1223833873792923,165
166,-0.06636371789674657,-0.9107247372793538,-1.2715513330660155,-0.45305500903746754,-0.3232901092456892,166
167,-0.7857464198974794,-0.9107247372793538,-1.2715513330660155,-0.45305500903746754,-1.4429274204991303,167
168,-1.5051291218982121,-2.3271172985574307,-3.106919701965564,-1.745454034818033,-1.4429274204991303,168
169,-0.06636371789674657,0.505667823998723,-0.35386714861624136,-0.45305500903746754,-0.3232901092456892,169
170,-0.06636371789674657,-0.2025284566403154,0.5638170358335329,-1.0992545219277503,0.23652854638103138,170
171,2.091784388105452,1.2138641046377614,1.481501220283307,1.4855435296333803,1.3561658576344726,171
172,-1.5051291218982121,-1.6189210179183924,-0.35386714861624136,0.8393440167430978,0.796347202007752,172
173,-0.06636371789674657,0.505667823998723,0.5638170358335329,0.8393440167430978,0.796347202007752,173
174,1.372401686104719,1.2138641046377614,-0.35386714861624136,0.19314450385281515,-0.8831087648724097,174
175,-0.06636371789674657,1.2138641046377614,-0.35386714861624136,0.19314450385281515,0.796347202007752,175
176,-0.7857464198974794,0.505667823998723,-0.35386714861624136,-0.45305500903746754,-0.8831087648724097,176
177,1.372401686104719,0.505667823998723,0.5638170358335329,0.19314450385281515,0.796347202007752,177
178,1.372401686104719,0.505667823998723,-0.35386714861624136,-0.45305500903746754,-0.3232901092456892,178
179,0.6530189841039862,1.2138641046377614,-0.35386714861624136,-1.0992545219277503,1.3561658576344726,179
180,1.372401686104719,0.505667823998723,0.5638170358335329,1.4855435296333803,0.796347202007752,180
181,1.372401686104719,0.505667823998723,0.5638170358335329,0.8393440167430978,0.796347202007752,181
182,0.6530189841039862,-0.2025284566403154,-0.35386714861624136,0.19314450385281515,1.3561658576344726,182
183,1.372401686104719,-0.9107247372793538,0.5638170358335329,0.8393440167430978,-0.3232901092456892,183
184,-0.7857464198974794,1.2138641046377614,0.5638170358335329,-0.45305500903746754,-1.4429274204991303,184
185,2.091784388105452,1.2138641046377614,-0.35386714861624136,-0.45305500903746754,0.23652854638103138,185
186,-2.2245118238989448,-0.2025284566403154,-1.2715513330660155,-2.3916535477083154,-0.8831087648724097,186
187,0.6530189841039862,0.505667823998723,1.481501220283307,-0.45305500903746754,-0.3232901092456892,187
188,-0.06636371789674657,-2.3271172985574307,1.481501220283307,-0.45305500903746754,1.3561658576344726,188
189,0.6530189841039862,-0.2025284566403154,-0.35386714861624136,0.19314450385281515,0.796347202007752,189
190,-0.06636371789674657,-0.9107247372793538,-1.2715513330660155,-0.45305500903746754,-0.3232901092456892,190
191,-0.06636371789674657,-0.9107247372793538,-1.2715513330660155,-1.0992545219277503,0.23652854638103138,191
192,-0.06636371789674657,1.2138641046377614,0.5638170358335329,0.8393440167430978,1.3561658576344726,192
193,-0.06636371789674657,0.505667823998723,1.481501220283307,-1.745454034818033,-0.3232901092456892,193
194,1.372401686104719,1.2138641046377614,1.481501220283307,0.19314450385281515,1.3561658576344726,194
195,1.372401686104719,-0.2025284566403154,1.481501220283307,1.4855435296333803,0.23652854638103138,195
196,1.372401686104719,0.505667823998723,0.5638170358335329,0.8393440167430978,0.796347202007752,196
197,-0.06636371789674657,-0.2025284566403154,0.5638170358335329,0.8393440167430978,-0.3232901092456892,197
198,-0.06636371789674657,0.505667823998723,0.5638170358335329,-0.45305500903746754,-0.3232901092456892,198
199,1.372401686104719,-0.9107247372793538,0.5638170358335329,-0.45305500903746754,0.796347202007752,199
200,0.6530189841039862,1.2138641046377614,-0.35386714861624136,0.19314450385281515,0.23652854638103138,200
201,-0.06636371789674657,-0.2025284566403154,0.5638170358335329,0.8393440167430978,0.23652854638103138,201
202,-0.06636371789674657,1.2138641046377614,1.481501220283307,0.8393440167430978,0.23652854638103138,202
203,1.372401686104719,-0.2025284566403154,1.481501220283307,0.8393440167430978,-0.3232901092456892,203
204,1.372401686104719,-2.3271172985574307,1.481501220283307,0.8393440167430978,1.3561658576344726,204
205,-0.06636371789674657,-0.2025284566403154,1.481501220283307,0.8393440167430978,-1.4429274204991303,205
206,0.6530189841039862,-0.2025284566403154,-0.35386714861624136,0.19314450385281515,0.23652854638103138,206
207,0.6530189841039862,-0.2025284566403154,-0.35386714861624136,1.4855435296333803,0.796347202007752,207
208,1.372401686104719,1.2138641046377614,1.481501220283307,1.4855435296333803,1.3561658576344726,208
209,-0.06636371789674657,0.505667823998723,-1.2715513330660155,0.19314450385281515,0.23652854638103138,209
210,0.6530189841039862,-0.2025284566403154,0.5638170358335329,-1.0992545219277503,0.796347202007752,210
211,-0.06636371789674657,0.505667823998723,0.5638170358335329,0.8393440167430978,0.796347202007752,211
212,-0.06636371789674657,0.505667823998723,-0.35386714861624136,-0.45305500903746754,0.796347202007752,212
213,0.6530189841039862,1.2138641046377614,0.5638170358335329,0.8393440167430978,0.796347202007752,213
214,0.6530189841039862,1.2138641046377614,0.5638170358335329,1.4855435296333803,0.23652854638103138,214
215,-0.06636371789674657,-0.2025284566403154,0.5638170358335329,0.8393440167430978,0.796347202007752,215
216,-1.5051291218982121,1.2138641046377614,0.5638170358335329,0.8393440167430978,1.3561658576344726,216
217,-0.06636371789674657,1.2138641046377614,1.481501220283307,-0.45305500903746754,1.3561658576344726,217
218,-0.06636371789674657,-1.6189210179183924,1.481501220283307,-3.0378530605985983,1.3561658576344726,218
219,-0.06636371789674657,-0.9107247372793538,0.5638170358335329,-1.0992545219277503,-0.8831087648724097,219
220,2.091784388105452,1.2138641046377614,1.481501220283307,1.4855435296333803,1.3561658576344726,220
221,-0.06636371789674657,0.505667823998723,0.5638170358335329,-0.45305500903746754,0.796347202007752,221
222,-2.2245118238989448,0.505667823998723,0.5638170358335329,-0.45305500903746754,-2.002746076125851,222
223,-0.06636371789674657,-0.2025284566403154,0.5638170358335329,-0.45305500903746754,-0.8831087648724097,223
224,0.6530189841039862,1.2138641046377614,-0.35386714861624136,0.19314450385281515,0.23652854638103138,224
225,-1.5051291218982121,0.505667823998723,-2.18923551751579,-0.45305500903746754,-0.3232901092456892,225
226,2.091784388105452,1.2138641046377614,1.481501220283307,1.4855435296333803,1.3561658576344726,226
227,-0.06636371789674657,1.2138641046377614,1.481501220283307,0.19314450385281515,1.3561658576344726,227
228,-1.5051291218982121,-0.2025284566403154,-1.2715513330660155,-2.3916535477083154,0.23652854638103138,228
229,0.6530189841039862,-0.9107247372793538,1.481501220283307,-1.745454034818033,1.3561658576344726,229
230,-0.7857464198974794,-1.6189210179183924,-2.18923551751579,-1.0992545219277503,-0.8831087648724097,230
231,0.6530189841039862,-0.2025284566403154,0.5638170358335329,0.19314450385281515,-2.562564731752572,231
232,0.6530189841039862,-0.2025284566403154,-0.35386714861624136,0.19314450385281515,-0.8831087648724097,232
233,-0.06636371789674657,-0.2025284566403154,-1.2715513330660155,0.19314450385281515,0.23652854638103138,233
234,-0.06636371789674657,-0.9107247372793538,-0.35386714861624136,0.19314450385281515,1.3561658576344726,234
235,-0.7857464198974794,0.505667823998723,-0.35386714861624136,0.8393440167430978,0.796347202007752,235
236,-0.06636371789674657,0.505667823998723,-0.35386714861624136,1.4855435296333803,0.23652854638103138,236
237,0.6530189841039862,1.2138641046377614,-0.35386714861624136,-0.45305500903746754,0.23652854638103138,237
238,2.091784388105452,0.505667823998723,0.5638170358335329,1.4855435296333803,0.23652854638103138,238
239,-0.06636371789674657,0.505667823998723,0.5638170358335329,-0.45305500903746754,-2.002746076125851,239
240,-2.9438945258996774,-0.2025284566403154,-4.9422880708651125,-1.745454034818033,-0.8831087648724097,240
241,0.6530189841039862,1.2138641046377614,-0.35386714861624136,0.19314450385281515,0.23652854638103138,241
242,-0.06636371789674657,0.505667823998723,-0.35386714861624136,-0.45305500903746754,-2.002746076125851,242
243,-0.06636371789674657,0.505667823998723,0.5638170358335329,0.19314450385281515,-1.4429274204991303,243
244,-0.06636371789674657,1.2138641046377614,1.481501220283307,-0.45305500903746754,1.3561658576344726,244
245,-1.5051291218982121,-0.9107247372793538,-0.35386714861624136,-1.0992545219277503,-0.3232901092456892,245
246,-0.06636371789674657,-0.2025284566403154,-1.2715513330660155,-1.0992545219277503,-0.8831087648724097,246
247,-1.5051291218982121,1.2138641046377614,-0.35386714861624136,-3.6840525734888807,-2.002746076125851,247
248,-1.5051291218982121,-1.6189210179183924,-0.35386714861624136,0.19314450385281515,0.23652854638103138,248
249,-0.06636371789674657,0.505667823998723,1.481501220283307,-0.45305500903746754,-0.3232901092456892,249
250,2.091784388105452,0.505667823998723,1.481501220283307,0.8393440167430978,1.3561658576344726,250
251,0.6530189841039862,1.2138641046377614,1.481501220283307,0.8393440167430978,0.796347202007752,251
252,1.372401686104719,0.505667823998723,0.5638170358335329,0.8393440167430978,1.3561658576344726,252
253,0.6530189841039862,1.2138641046377614,-0.35386714861624136,0.8393440167430978,-0.3232901092456892,253
254,0.6530189841039862,-0.9107247372793538,1.481501220283307,0.19314450385281515,0.23652854638103138,254
255,-0.7857464198974794,-0.2025284566403154,-1.2715513330660155,-1.0992545219277503,-0.8831087648724097,255
256,-0.7857464198974794,0.505667823998723,-0.35386714861624136,-1.0992545219277503,-0.8831087648724097,256
257,-0.06636371789674657,0.505667823998723,0.5638170358335329,-0.45305500903746754,1.3561658576344726,257
258,-0.7857464198974794,1.2138641046377614,0.5638170358335329,0.19314450385281515,-1.4429274204991303,258
259,-0.06636371789674657,0.505667823998723,-0.35386714861624136,0.19314450385281515,0.796347202007752,259
260,-0.7857464198974794,0.505667823998723,0.5638170358335329,-0.45305500903746754,-0.8831087648724097,260
261,-1.5051291218982121,-0.2025284566403154,-1.2715513330660155,-0.45305500903746754,0.23652854638103138,261
262,-0.7857464198974794,1.2138641046377614,0.5638170358335329,-1.745454034818033,-2.562564731752572,262
263,0.6530189841039862,-0.2025284566403154,-0.35386714861624136,0.19314450385281515,-1.4429274204991303,263
264,0.6530189841039862,-0.9107247372793538,0.5638170358335329,0.19314450385281515,-1.4429274204991303,264
265,-0.06636371789674657,0.505667823998723,1.481501220283307,-0.45305500903746754,1.3561658576344726,265
266,0.6530189841039862,-0.2025284566403154,-1.2715513330660155,-0.45305500903746754,-2.002746076125851,266
267,-0.06636371789674657,-1.6189210179183924,-1.2715513330660155,-1.745454034818033,-0.3232901092456892,267
268,1.372401686104719,0.505667823998723,0.5638170358335329,0.19314450385281515,0.796347202007752,268
269,0.6530189841039862,-0.2025284566403154,-0.35386714861624136,-1.0992545219277503,-0.3232901092456892,269
270,-1.5051291218982121,-3.035313579196469,-0.35386714861624136,-0.45305500903746754,-0.8831087648724097,270
271,1.372401686104719,1.2138641046377614,0.5638170358335329,1.4855435296333803,1.3561658576344726,271
272,1.372401686104719,1.2138641046377614,0.5638170358335329,1.4855435296333803,1.3561658576344726,272
273,-0.06636371789674657,1.2138641046377614,-1.2715513330660155,-1.745454034818033,-0.3232901092456892,273
274,-0.06636371789674657,-0.9107247372793538,0.5638170358335329,1.4855435296333803,0.796347202007752,274
275,2.091784388105452,-0.9107247372793538,1.481501220283307,-1.0992545219277503,1.3561658576344726,275
276,-0.06636371789674657,-1.6189210179183924,1.481501220283307,-0.45305500903746754,0.23652854638103138,276
277,-2.2245118238989448,-0.2025284566403154,-0.35386714861624136,0.19314450385281515,-1.4429274204991303,277
278,0.6530189841039862,-0.2025284566403154,-0.35386714861624136,0.19314450385281515,0.23652854638103138,278
279,0.6530189841039862,0.505667823998723,1.481501220283307,-1.0992545219277503,-0.3232901092456892,279
280,-1.5051291218982121,0.505667823998723,-0.35386714861624136,-1.745454034818033,-0.8831087648724097,280
281,-0.06636371789674657,-0.2025284566403154,-0.35386714861624136,-1.0992545219277503,-1.4429274204991303,281
282,-0.06636371789674657,0.505667823998723,-1.2715513330660155,0.8393440167430978,1.3561658576344726,282
283,1.372401686104719,0.505667823998723,0.5638170358335329,0.8393440167430978,0.796347202007752,283
284,-0.06636371789674657,-1.6189210179183924,-0.35386714861624136,-0.45305500903746754,-0.3232901092456892,284
285,0.6530189841039862,1.2138641046377614,1.481501220283307,1.4855435296333803,0.23652854638103138,285
286,-2.9438945258996774,-1.6189210179183924,-1.2715513330660155,-1.0992545219277503,-0.3232901092456892,286
287,-0.06636371789674657,1.2138641046377614,-1.2715513330660155,-1.745454034818033,1.3561658576344726,287
288,-1.5051291218982121,-0.2025284566403154,-0.35386714861624136,-0.45305500903746754,-0.3232901092456892,288
289,-2.2245118238989448,0.505667823998723,-0.35386714861624136,1.4855435296333803,0.23652854638103138,289
290,-1.5051291218982121,-3.035313579196469,1.481501220283307,-1.745454034818033,0.796347202007752,290
291,-0.7857464198974794,0.505667823998723,0.5638170358335329,-0.45305500903746754,0.796347202007752,291
292,0.6530189841039862,1.2138641046377614,1.481501220283307,0.19314450385281515,1.3561658576344726,292
293,-0.06636371789674657,1.2138641046377614,0.5638170358335329,0.8393440167430978,0.796347202007752,293
294,1.372401686104719,1.2138641046377614,0.5638170358335329,-0.45305500903746754,-0.3232901092456892,294
295,-0.06636371789674657,1.2138641046377614,-0.35386714861624136,0.19314450385281515,0.23652854638103138,295
296,0.6530189841039862,0.505667823998723,1.481501220283307,-1.0992545219277503,0.796347202007752,296
297,0.6530189841039862,1.2138641046377614,-0.35386714861624136,0.8393440167430978,0.796347202007752,297
298,-0.06636371789674657,1.2138641046377614,1.481501220283307,0.8393440167430978,1.3561658576344726,298
299,-0.7857464198974794,0.505667823998723,-0.35386714861624136,0.8393440167430978,0.796347202007752,299
300,0.6530189841039862,0.505667823998723,0.5638170358335329,0.8393440167430978,1.3561658576344726,300
301,1.372401686104719,0.505667823998723,0.5638170358335329,0.19314450385281515,0.23652854638103138,301
302,0.6530189841039862,-0.2025284566403154,-0.35386714861624136,0.19314450385281515,1.3561658576344726,302
303,0.6530189841039862,1.2138641046377614,-0.35386714861624136,0.8393440167430978,-0.8831087648724097,303
304,-0.7857464198974794,1.2138641046377614,-0.35386714861624136,1.4855435296333803,0.23652854638103138,304
305,-0.06636371789674657,0.505667823998723,0.5638170358335329,0.19314450385281515,-1.4429274204991303,305
306,-0.7857464198974794,0.505667823998723,-0.35386714861624136,0.19314450385281515,0.23652854638103138,306
307,-1.5051291218982121,-0.2025284566403154,-0.35386714861624136,-0.45305500903746754,0.23652854638103138,307
308,-0.06636371789674657,1.2138641046377614,-0.35386714861624136,0.19314450385281515,-0.3232901092456892,308
309,-0.06636371789674657,-0.2025284566403154,0.5638170358335329,0.8393440167430978,-0.3232901092456892,309
310,-0.06636371789674657,-1.6189210179183924,-1.2715513330660155,0.19314450385281515,-2.002746076125851,310
311,1.372401686104719,0.505667823998723,0.5638170358335329,1.4855435296333803,-2.562564731752572,311
312,0.6530189841039862,-0.9107247372793538,0.5638170358335329,-0.45305500903746754,0.796347202007752,312
313,-0.06636371789674657,-0.2025284566403154,-0.35386714861624136,0.19314450385281515,-0.8831087648724097,313
314,0.6530189841039862,-0.2025284566403154,0.5638170358335329,0.19314450385281515,-0.3232901092456892,314
315,-0.7857464198974794,1.2138641046377614,-0.35386714861624136,-1.0992545219277503,-0.3232901092456892,315
316,-0.7857464198974794,-0.2025284566403154,-0.35386714861624136,-0.45305500903746754,0.796347202007752,316
317,-0.06636371789674657,-3.743509859835507,-0.35386714861624136,0.19314450385281515,-1.4429274204991303,317
318,-0.7857464198974794,1.2138641046377614,1.481501220283307,-1.0992545219277503,1.3561658576344726,318
319,-1.5051291218982121,1.2138641046377614,0.5638170358335329,-1.0992545219277503,-2.562564731752572,319
320,0.6530189841039862,-0.2025284566403154,0.5638170358335329,0.8393440167430978,-0.3232901092456892,320
321,-0.7857464198974794,-0.2025284566403154,-1.2715513330660155,-0.45305500903746754,0.23652854638103138,321
322,-1.5051291218982121,0.505667823998723,-1.2715513330660155,0.19314450385281515,-0.3232901092456892,322
323,-0.06636371789674657,0.505667823998723,-0.35386714861624136,-1.0992545219277503,-2.562564731752572,323
324,1.372401686104719,0.505667823998723,0.5638170358335329,0.8393440167430978,0.23652854638103138,324
325,-0.06636371789674657,0.505667823998723,-0.35386714861624136,-0.45305500903746754,0.23652854638103138,325
326,0.6530189841039862,0.505667823998723,0.5638170358335329,-1.0992545219277503,0.23652854638103138,326
327,-0.06636371789674657,-0.9107247372793538,-0.35386714861624136,0.8393440167430978,1.3561658576344726,327
328,-0.06636371789674657,1.2138641046377614,1.481501220283307,0.19314450385281515,1.3561658576344726,328
329,0.6530189841039862,0.505667823998723,-0.35386714861624136,-1.745454034818033,0.23652854638103138,329
330,0.6530189841039862,1.2138641046377614,-1.2715513330660155,0.8393440167430978,0.796347202007752,330
331,-0.06636371789674657,0.505667823998723,-1.2715513330660155,0.8393440167430978,-2.002746076125851,331
332,-1.5051291218982121,1.2138641046377614,-2.18923551751579,-1.0992545219277503,1.3561658576344726,332
333,-0.06636371789674657,-3.035313579196469,0.5638170358335329,-0.45305500903746754,0.796347202007752,333
334,0.6530189841039862,-0.9107247372793538,-0.35386714861624136,0.19314450385281515,0.796347202007752,334
335,0.6530189841039862,-0.9107247372793538,-0.35386714861624136,0.8393440167430978,0.23652854638103138,335
336,-1.5051291218982121,0.505667823998723,-1.2715513330660155,-0.45305500903746754,0.796347202007752,336
337,-0.7857464198974794,-1.6189210179183924,-2.18923551751579,-1.0992545219277503,-0.8831087648724097,337
338,-0.06636371789674657,0.505667823998723,0.5638170358335329,-0.45305500903746754,1.3561658576344726,338
339,0.0,0.0,0.0,0.0,0.0,339
340,0.0,0.0,0.0,0.0,0.0,340
341,-0.06636371789674657,0.505667823998723,-1.2715513330660155,0.8393440167430978,0.796347202007752,341
342,2.091784388105452,1.2138641046377614,1.481501220283307,1.4855435296333803,1.3561658576344726,342
343,-2.2245118238989448,-0.2025284566403154,1.481501220283307,-1.0992545219277503,-0.3232901092456892,343
344,-0.06636371789674657,-0.9107247372793538,-0.35386714861624136,0.19314450385281515,0.796347202007752,344
345,-0.06636371789674657,0.505667823998723,0.5638170358335329,-0.45305500903746754,-0.3232901092456892,345
346,0.0,0.0,0.0,0.0,0.0,346
347,0.6530189841039862,-1.6189210179183924,1.481501220283307,1.4855435296333803,1.3561658576344726,347
348,-0.7857464198974794,1.2138641046377614,1.481501220283307,1.4855435296333803,1.3561658576344726,348
349,-0.06636371789674657,-0.2025284566403154,0.5638170358335329,0.19314450385281515,-0.3232901092456892,349
350,-0.06636371789674657,1.2138641046377614,-0.35386714861624136,-1.0992545219277503,0.23652854638103138,350
351,0.6530189841039862,1.2138641046377614,-0.35386714861624136,-0.45305500903746754,0.796347202007752,351
352,1.372401686104719,1.2138641046377614,0.5638170358335329,0.8393440167430978,0.23652854638103138,352
353,-0.7857464198974794,-1.6189210179183924,-2.18923551751579,-1.0992545219277503,-0.8831087648724097,353
354,-0.06636371789674657,-0.9107247372793538,-0.35386714861624136,1.4855435296333803,0.23652854638103138,354
355,-0.7857464198974794,1.2138641046377614,-0.35386714861624136,0.19314450385281515,0.23652854638103138,355
356,-0.06636371789674657,1.2138641046377614,0.5638170358335329,0.19314450385281515,-0.8831087648724097,356
357,-0.7857464198974794,1.2138641046377614,-1.2715513330660155,-0.45305500903746754,-0.8831087648724097,357
358,0.6530189841039862,-0.9107247372793538,-0.35386714861624136,0.19314450385281515,-0.3232901092456892,358
359,-0.06636371789674657,1.2138641046377614,0.5638170358335329,-3.6840525734888807,0.23652854638103138,359
360,0.6530189841039862,1.2138641046377614,-0.35386714861624136,0.19314450385281515,0.23652854638103138,360
361,-0.06636371789674657,-0.9107247372793538,-1.2715513330660155,-1.745454034818033,0.796347202007752,361
362,-0.06636371789674657,-0.9107247372793538,-0.35386714861624136,0.8393440167430978,0.23652854638103138,362
363,-1.5051291218982121,-0.9107247372793538,-0.35386714861624136,0.19314450385281515,-2.562564731752572,363
364,0.6530189841039862,-0.2025284566403154,0.5638170358335329,0.19314450385281515,0.796347202007752,364
365,0.6530189841039862,-4.4517061404745455,0.5638170358335329,0.8393440167430978,0.796347202007752,365
366,-0.7857464198974794,-0.2025284566403154,-0.35386714861624136,0.8393440167430978,1.3561658576344726,366
367,-0.06636371789674657,-0.9107247372793538,-1.2715513330660155,0.19314450385281515,-1.4429274204991303,367
368,-0.7857464198974794,-0.2025284566403154,-0.35386714861624136,0.19314450385281515,-0.3232901092456892,368
369,-0.7857464198974794,0.505667823998723,1.481501220283307,0.8393440167430978,-0.3232901092456892,369
370,0.6530189841039862,-1.6189210179183924,0.5638170358335329,0.8393440167430978,0.796347202007752,370
371,2.091784388105452,-0.2025284566403154,1.481501220283307,1.4855435296333803,1.3561658576344726,371
372,-0.06636371789674657,-0.2025284566403154,0.5638170358335329,0.19314450385281515,0.23652854638103138,372
373,1.372401686104719,-0.2025284566403154,0.5638170358335329,0.8393440167430978,0.796347202007752,373
374,-0.7857464198974794,-0.9107247372793538,-1.2715513330660155,-1.0992545219277503,-0.3232901092456892,374
375,0.6530189841039862,0.505667823998723,-0.35386714861624136,0.8393440167430978,0.796347202007752,375
376,-0.7857464198974794,1.2138641046377614,0.5638170358335329,0.19314450385281515,1.3561658576344726,376
377,-0.06636371789674657,-0.2025284566403154,-1.2715513330660155,0.19314450385281515,-0.3232901092456892,377
378,-0.7857464198974794,-0.9107247372793538,0.5638170358335329,-0.45305500903746754,-0.3232901092456892,378
379,-0.7857464198974794,0.505667823998723,-0.35386714861624136,-1.0992545219277503,0.796347202007752,379
380,-2.2245118238989448,-0.9107247372793538,0.5638170358335329,0.8393440167430978,0.796347202007752,380
381,-0.06636371789674657,-0.9107247372793538,0.5638170358335329,1.4855435296333803,0.23652854638103138,381
382,-0.06636371789674657,-0.9107247372793538,-1.2715513330660155,-0.45305500903746754,1.3561658576344726,382
383,-0.06636371789674657,0.505667823998723,-2.18923551751579,-0.45305500903746754,-0.8831087648724097,383
384,0.6530189841039862,-0.2025284566403154,-0.35386714861624136,0.8393440167430978,0.796347202007752,384
385,0.6530189841039862,-0.2025284566403154,-0.35386714861624136,-1.0992545219277503,-0.8831087648724097,385
386,-0.06636371789674657,-0.2025284566403154,0.5638170358335329,0.8393440167430978,0.796347202007752,386
387,0.6530189841039862,-0.2025284566403154,-0.35386714861624136,0.19314450385281515,0.23652854638103138,387
388,0.6530189841039862,-0.2025284566403154,-0.35386714861624136,-0.45305500903746754,0.23652854638103138,388
389,0.6530189841039862,1.2138641046377614,-1.2715513330660155,0.8393440167430978,-1.4429274204991303,389
390,0.6530189841039862,-0.2025284566403154,-0.35386714861624136,0.19314450385281515,0.23652854638103138,390
391,0.6530189841039862,0.505667823998723,0.5638170358335329,0.8393440167430978,-0.3232901092456892,391
392,-2.2245118238989448,-0.9107247372793538,-0.35386714861624136,-0.45305500903746754,-0.3232901092456892,392
393,-0.06636371789674657,0.505667823998723,-0.35386714861624136,0.19314450385281515,0.23652854638103138,393
394,1.372401686104719,-0.2025284566403154,-1.2715513330660155,-0.45305500903746754,-0.3232901092456892,394
395,0.6530189841039862,-0.2025284566403154,0.5638170358335329,-0.45305500903746754,-0.3232901092456892,395
396,0.6530189841039862,1.2138641046377614,1.481501220283307,1.4855435296333803,0.23652854638103138,396
397,-0.06636371789674657,-0.9107247372793538,1.481501220283307,-0.45305500903746754,0.796347202007752,397
398,-0.06636371789674657,-1.6189210179183924,-1.2715513330660155,1.4855435296333803,0.23652854638103138,398
399,1.372401686104719,0.505667823998723,0.5638170358335329,0.8393440167430978,0.796347202007752,399
400,-0.06636371789674657,1.2138641046377614,-0.35386714861624136,-1.0992545219277503,-0.3232901092456892,400
401,0.6530189841039862,-2.3271172985574307,1.481501220283307,-0.45305500903746754,-1.4429274204991303,401
402,-0.7857464198974794,-0.2025284566403154,1.481501220283307,-0.45305500903746754,0.796347202007752,402
403,-2.2245118238989448,-0.2025284566403154,0.5638170358335329,-0.45305500903746754,0.796347202007752,403
404,-0.7857464198974794,0.505667823998723,-0.35386714861624136,-0.45305500903746754,0.23652854638103138,404
405,0.6530189841039862,-0.2025284566403154,0.5638170358335329,1.4855435296333803,1.3561658576344726,405
406,-0.7857464198974794,-0.9107247372793538,-0.35386714861624136,0.19314450385281515,0.796347202007752,406
407,-0.06636371789674657,0.505667823998723,-1.2715513330660155,0.19314450385281515,0.23652854638103138,407
408,0.6530189841039862,-0.9107247372793538,-0.35386714861624136,1.4855435296333803,0.796347202007752,408
409,-0.06636371789674657,0.505667823998723,0.5638170358335329,0.19314450385281515,0.23652854638103138,409
410,-0.06636371789674657,1.2138641046377614,1.481501220283307,-1.0992545219277503,1.3561658576344726,410
411,0.6530189841039862,-1.6189210179183924,-1.2715513330660155,0.8393440167430978,-1.4429274204991303,411
412,-0.06636371789674657,-0.9107247372793538,-0.35386714861624136,0.19314450385281515,0.23652854638103138,412
413,-0.06636371789674657,0.505667823998723,-0.35386714861624136,-0.45305500903746754,-0.8831087648724097,413
414,0.0,0.0,0.0,0.0,0.0,414
415,-0.06636371789674657,-0.2025284566403154,1.481501220283307,-2.3916535477083154,0.23652854638103138,415
416,0.0,0.0,0.0,0.0,0.0,416
417,-0.06636371789674657,-0.2025284566403154,-0.35386714861624136,-2.3916535477083154,0.23652854638103138,417
418,-0.06636371789674657,0.505667823998723,-0.35386714861624136,-0.45305500903746754,-1.4429274204991303,418
419,1.372401686104719,-0.2025284566403154,0.5638170358335329,-1.745454034818033,-2.562564731752572,419
420,0.6530189841039862,0.505667823998723,1.481501220283307,-0.45305500903746754,-0.3232901092456892,420
421,-0.06636371789674657,-0.9107247372793538,-2.18923551751579,-1.0992545219277503,-0.8831087648724097,421
422,0.6530189841039862,1.2138641046377614,-0.35386714861624136,0.19314450385281515,0.23652854638103138,422
423,-0.06636371789674657,0.505667823998723,0.5638170358335329,0.19314450385281515,0.796347202007752,423
424,-0.06636371789674657,-0.9107247372793538,-1.2715513330660155,-0.45305500903746754,-0.3232901092456892,424
425,-0.7857464198974794,0.505667823998723,0.5638170358335329,-1.0992545219277503,0.796347202007752,425
426,0.6530189841039862,-0.2025284566403154,1.481501220283307,0.19314450385281515,0.796347202007752,426
427,-0.06636371789674657,1.2138641046377614,-1.2715513330660155,0.19314450385281515,0.796347202007752,427
428,0.6530189841039862,-0.2025284566403154,0.5638170358335329,-0.45305500903746754,0.796347202007752,428
429,0.6530189841039862,-0.2025284566403154,0.5638170358335329,0.8393440167430978,0.23652854638103138,429
430,-1.5051291218982121,-0.2025284566403154,-3.106919701965564,0.19314450385281515,0.23652854638103138,430
431,-0.06636371789674657,1.2138641046377614,0.5638170358335329,-0.45305500903746754,1.3561658576344726,431
432,-0.06636371789674657,-0.2025284566403154,-0.35386714861624136,0.19314450385281515,0.23652854638103138,432
433,0.6530189841039862,-1.6189210179183924,-0.35386714861624136,-0.45305500903746754,-1.4429274204991303,433
434,-0.06636371789674657,-0.9107247372793538,-2.18923551751579,0.19314450385281515,-2.002746076125851,434
435,-0.06636371789674657,0.505667823998723,0.5638170358335329,0.8393440167430978,0.796347202007752,435
436,1.372401686104719,-0.2025284566403154,-1.2715513330660155,1.4855435296333803,-0.8831087648724097,436
437,-0.06636371789674657,0.505667823998723,0.5638170358335329,0.8393440167430978,0.23652854638103138,437
438,-0.06636371789674657,-0.2025284566403154,-1.2715513330660155,-0.45305500903746754,-0.3232901092456892,438
439,0.6530189841039862,-0.2025284566403154,-1.2715513330660155,-0.45305500903746754,-0.3232901092456892,439
440,0.6530189841039862,-0.2025284566403154,0.5638170358335329,0.8393440167430978,0.796347202007752,440
441,0.6530189841039862,-0.9107247372793538,0.5638170358335329,0.19314450385281515,0.23652854638103138,441
442,-0.06636371789674657,0.505667823998723,-0.35386714861624136,0.19314450385281515,0.796347202007752,442
443,-0.06636371789674657,1.2138641046377614,-1.2715513330660155,0.8393440167430978,-0.3232901092456892,443
444,0.6530189841039862,-0.9107247372793538,-0.35386714861624136,0.8393440167430978,-0.3232901092456892,444
445,1.372401686104719,-0.2025284566403154,1.481501220283307,-0.45305500903746754,-0.3232901092456892,445
446,-0.7857464198974794,-0.2025284566403154,-1.2715513330660155,0.8393440167430978,-1.4429274204991303,446
447,-0.7857464198974794,1.2138641046377614,-1.2715513330660155,-1.0992545219277503,-2.002746076125851,447
448,0.6530189841039862,0.505667823998723,0.5638170358335329,0.19314450385281515,1.3561658576344726,448
449,-0.06636371789674657,1.2138641046377614,1.481501220283307,1.4855435296333803,0.23652854638103138,449
450,1.372401686104719,-1.6189210179183924,1.481501220283307,-0.45305500903746754,1.3561658576344726,450
451,-3.6632772279004104,-3.035313579196469,-4.024603886415338,-2.3916535477083154,-2.002746076125851,451
452,-0.06636371789674657,-0.2025284566403154,1.481501220283307,-0.45305500903746754,0.23652854638103138,452
453,-1.5051291218982121,-1.6189210179183924,-0.35386714861624136,-0.45305500903746754,-1.4429274204991303,453
454,0.6530189841039862,0.505667823998723,0.5638170358335329,0.8393440167430978,-0.3232901092456892,454
455,-0.06636371789674657,0.505667823998723,-0.35386714861624136,0.8393440167430978,0.23652854638103138,455
456,0.6530189841039862,-0.2025284566403154,-1.2715513330660155,-1.0992545219277503,-0.3232901092456892,456
457,-0.06636371789674657,-1.6189210179183924,-0.35386714861624136,-0.45305500903746754,-2.562564731752572,457
458,2.091784388105452,1.2138641046377614,1.481501220283307,0.8393440167430978,1.3561658576344726,458
459,-1.5051291218982121,-2.3271172985574307,-3.106919701965564,-1.745454034818033,0.23652854638103138,459
460,0.6530189841039862,-0.2025284566403154,0.5638170358335329,-0.45305500903746754,-0.3232901092456892,460
461,-0.7857464198974794,-0.2025284566403154,-0.35386714861624136,0.8393440167430978,-0.3232901092456892,461
462,-2.2245118238989448,0.505667823998723,-0.35386714861624136,-1.0992545219277503,-3.1223833873792923,462
463,-0.7857464198974794,-0.9107247372793538,-0.35386714861624136,-0.45305500903746754,-0.3232901092456892,463
464,-1.5051291218982121,-0.2025284566403154,0.5638170358335329,0.19314450385281515,1.3561658576344726,464
465,-0.06636371789674657,1.2138641046377614,-1.2715513330660155,0.19314450385281515,-1.4429274204991303,465
466,-0.06636371789674657,0.505667823998723,-0.35386714861624136,-0.45305500903746754,0.23652854638103138,466
467,0.6530189841039862,-0.2025284566403154,-0.35386714861624136,0.19314450385281515,0.23652854638103138,467
468,0.6530189841039862,0.505667823998723,-0.35386714861624136,-1.0992545219277503,0.23652854638103138,468
469,0.6530189841039862,-0.2025284566403154,-2.18923551751579,0.19314450385281515,-0.8831087648724097,469
470,-2.2245118238989448,0.505667823998723,-0.35386714861624136,-1.745454034818033,-0.8831087648724097,470
471,-0.06636371789674657,-0.2025284566403154,0.5638170358335329,0.19314450385281515,0.796347202007752,471
472,0.6530189841039862,1.2138641046377614,-0.35386714861624136,1.4855435296333803,0.796347202007752,472
473,-0.06636371789674657,0.505667823998723,1.481501220283307,0.19314450385281515,-0.3232901092456892,473
474,1.372401686104719,0.505667823998723,-0.35386714861624136,1.4855435296333803,-0.3232901092456892,474
475,-1.5051291218982121,-0.2025284566403154,-1.2715513330660155,-1.745454034818033,-0.3232901092456892,475
476,-0.06636371789674657,0.505667823998723,-1.2715513330660155,-1.745454034818033,-0.8831087648724097,476
477,-0.7857464198974794,-0.2025284566403154,-1.2715513330660155,-0.45305500903746754,-0.3232901092456892,477
478,-0.06636371789674657,-0.2025284566403154,-0.35386714861624136,0.8393440167430978,-0.3232901092456892,478
479,0.6530189841039862,-0.2025284566403154,-0.35386714861624136,0.19314450385281515,0.23652854638103138,479
480,0.6530189841039862,0.505667823998723,-0.35386714861624136,1.4855435296333803,-0.3232901092456892,480
481,0.6530189841039862,-0.9107247372793538,0.5638170358335329,0.19314450385281515,-1.4429274204991303,481
482,-0.06636371789674657,1.2138641046377614,-0.35386714861624136,0.8393440167430978,0.23652854638103138,482
483,0.6530189841039862,1.2138641046377614,1.481501220283307,1.4855435296333803,1.3561658576344726,483
484,-2.2245118238989448,-0.2025284566403154,0.5638170358335329,-3.6840525734888807,0.796347202007752,484
485,0.6530189841039862,-0.2025284566403154,-0.35386714861624136,-0.45305500903746754,-0.3232901092456892,485
486,-0.06636371789674657,1.2138641046377614,0.5638170358335329,0.19314450385281515,0.796347202007752,486
487,-0.06636371789674657,0.505667823998723,-0.35386714861624136,-1.0992545219277503,-1.4429274204991303,487
488,-1.5051291218982121,1.2138641046377614,1.481501220283307,-0.45305500903746754,0.23652854638103138,488
489,-0.7857464198974794,-0.2025284566403154,0.5638170358335329,0.19314450385281515,1.3561658576344726,489
490,-2.9438945258996774,-0.9107247372793538,-0.35386714861624136,-1.0992545219277503,-0.8831087648724097,490
491,-0.06636371789674657,-0.9107247372793538,-1.2715513330660155,-0.45305500903746754,-0.3232901092456892,491
492,2.091784388105452,1.2138641046377614,1.481501220283307,1.4855435296333803,1.3561658576344726,492
493,-0.06636371789674657,-0.9107247372793538,-0.35386714861624136,0.19314450385281515,0.23652854638103138,493
494,1.372401686104719,1.2138641046377614,1.481501220283307,1.4855435296333803,-0.3232901092456892,494
495,-0.06636371789674657,-0.9107247372793538,-0.35386714861624136,-0.45305500903746754,0.796347202007752,495
496,-1.5051291218982121,-0.2025284566403154,0.5638170358335329,-1.0992545219277503,0.23652854638103138,496
497,0.6530189841039862,1.2138641046377614,0.5638170358335329,1.4855435296333803,0.23652854638103138,497
498,0.6530189841039862,0.505667823998723,0.5638170358335329,1.4855435296333803,1.3561658576344726,498
499,1.372401686104719,1.2138641046377614,1.481501220283307,0.8393440167430978,-2.002746076125851,499
500,0.6530189841039862,0.505667823998723,0.5638170358335329,0.8393440167430978,0.796347202007752,500
501,0.6530189841039862,0.505667823998723,0.5638170358335329,0.19314450385281515,0.796347202007752,501
502,-0.06636371789674657,-0.9107247372793538,0.5638170358335329,0.8393440167430978,0.796347202007752,502
503,-0.06636371789674657,0.505667823998723,1.481501220283307,-2.3916535477083154,-1.4429274204991303,503
504,-0.06636371789674657,-2.3271172985574307,-0.35386714861624136,-1.0992545219277503,0.23652854638103138,504
505,1.372401686104719,1.2138641046377614,1.481501220283307,0.19314450385281515,1.3561658576344726,505
506,-1.5051291218982121,-0.2025284566403154,0.5638170358335329,-0.45305500903746754,1.3561658576344726,506
507,-0.06636371789674657,-0.2025284566403154,-0.35386714861624136,-0.45305500903746754,-0.3232901092456892,507
508,-0.06636371789674657,-0.2025284566403154,0.5638170358335329,0.19314450385281515,0.23652854638103138,508
509,-1.5051291218982121,-1.6189210179183924,-0.35386714861624136,-2.3916535477083154,0.796347202007752,509
510,-0.06636371789674657,0.505667823998723,-0.35386714861624136,-1.0992545219277503,-2.002746076125851,510
511,0.6530189841039862,-3.035313579196469,-0.35386714861624136,1.4855435296333803,0.23652854638103138,511
512,-0.06636371789674657,-0.2025284566403154,-1.2715513330660155,0.19314450385281515,-0.3232901092456892,512
513,-0.7857464198974794,-0.2025284566403154,-2.18923551751579,-0.45305500903746754,-2.002746076125851,513
514,0.6530189841039862,1.2138641046377614,0.5638170358335329,0.19314450385281515,-0.3232901092456892,514
515,0.6530189841039862,1.2138641046377614,1.481501220283307,0.19314450385281515,0.23652854638103138,515
516,0.6530189841039862,0.505667823998723,-0.35386714861624136,0.8393440167430978,0.23652854638103138,516
517,0.6530189841039862,0.505667823998723,0.5638170358335329,-0.45305500903746754,-0.3232901092456892,517
518,-0.7857464198974794,0.505667823998723,-0.35386714861624136,0.19314450385281515,-0.3232901092456892,518
519,0.6530189841039862,1.2138641046377614,0.5638170358335329,0.8393440167430978,1.3561658576344726,519
520,0.6530189841039862,0.505667823998723,-0.35386714861624136,-0.45305500903746754,-1.4429274204991303,520
521,-0.06636371789674657,0.505667823998723,-0.35386714861624136,0.8393440167430978,0.23652854638103138,521
522,-0.06636371789674657,-0.9107247372793538,0.5638170358335329,-0.45305500903746754,0.23652854638103138,522
523,-0.7857464198974794,0.505667823998723,0.5638170358335329,0.19314450385281515,-0.8831087648724097,523
524,-1.5051291218982121,0.505667823998723,-0.35386714861624136,-0.45305500903746754,-0.3232901092456892,524
525,-0.7857464198974794,1.2138641046377614,1.481501220283307,0.19314450385281515,0.796347202007752,525
526,-2.9438945258996774,-1.6189210179183924,-1.2715513330660155,0.8393440167430978,1.3561658576344726,526
527,2.091784388105452,1.2138641046377614,1.481501220283307,1.4855435296333803,1.3561658576344726,527
528,1.372401686104719,-1.6189210179183924,-0.35386714861624136,0.19314450385281515,0.23652854638103138,528
529,-0.7857464198974794,1.2138641046377614,-1.2715513330660155,0.8393440167430978,-1.4429274204991303,529
530,-2.9438945258996774,0.505667823998723,0.5638170358335329,0.8393440167430978,-0.3232901092456892,530
531,2.091784388105452,1.2138641046377614,1.481501220283307,-1.0992545219277503,1.3561658576344726,531
532,-0.06636371789674657,0.505667823998723,-0.35386714861624136,-0.45305500903746754,0.23652854638103138,532
533,0.6530189841039862,0.505667823998723,0.5638170358335329,0.19314450385281515,0.796347202007752,533
534,-0.06636371789674657,0.505667823998723,0.5638170358335329,0.19314450385281515,-1.4429274204991303,534
535,-0.7857464198974794,-0.9107247372793538,-1.2715513330660155,-1.0992545219277503,-1.4429274204991303,535
536,-0.06636371789674657,-0.2025284566403154,-0.35386714861624136,0.19314450385281515,0.23652854638103138,536
537,-0.06636371789674657,0.505667823998723,0.5638170358335329,0.8393440167430978,-0.3232901092456892,537
538,-0.06636371789674657,-0.2025284566403154,-0.35386714861624136,0.8393440167430978,0.23652854638103138,538
539,0.6530189841039862,-0.2025284566403154,1.481501220283307,0.8393440167430978,1.3561658576344726,539
540,-1.5051291218982121,-0.9107247372793538,-3.106919701965564,-1.0992545219277503,-0.3232901092456892,540
541,0.6530189841039862,0.505667823998723,0.5638170358335329,0.8393440167430978,0.23652854638103138,541
542,0.6530189841039862,0.505667823998723,-0.35386714861624136,0.19314450385281515,0.796347202007752,542
543,-0.06636371789674657,0.505667823998723,-0.35386714861624136,0.8393440167430978,0.796347202007752,543
544,-0.06636371789674657,1.2138641046377614,0.5638170358335329,1.4855435296333803,0.23652854638103138,544
545,0.6530189841039862,-0.2025284566403154,0.5638170358335329,0.19314450385281515,-0.8831087648724097,545
546,1.372401686104719,-0.2025284566403154,-0.35386714861624136,1.4855435296333803,-0.3232901092456892,546
547,-0.06636371789674657,0.505667823998723,-0.35386714861624136,0.19314450385281515,0.23652854638103138,547
548,2.091784388105452,1.2138641046377614,1.481501220283307,1.4855435296333803,1.3561658576344726,548
549,-0.06636371789674657,1.2138641046377614,0.5638170358335329,0.19314450385281515,0.796347202007752,549
550,-0.06636371789674657,-0.9107247372793538,-1.2715513330660155,-0.45305500903746754,-0.3232901092456892,550
551,-0.06636371789674657,-0.2025284566403154,-0.35386714861624136,-3.0378530605985983,-1.4429274204991303,551
552,0.6530189841039862,-0.9107247372793538,-1.2715513330660155,-1.0992545219277503,-0.3232901092456892,552
